{"schema":6,"addons":[{"id":"langpack-en-GB@thunderbird.mozilla.org","icons":{"32":"https://addons.thunderbird.net/static/img/addon-icons/default-32.png","64":"https://addons.thunderbird.net/static/img/addon-icons/default-64.png"},"name":"English (en-GB) Language Pack","version":"142.0.20250729.215730","sourceURI":"https://addons.thunderbird.net/thunderbird/downloads/file/1040456/english_en_gb_language_pack-142.0.20250729.215730-tb.xpi?src=","homepageURL":null,"supportURL":null,"description":"English (en-GB) Language Pack","fullDescription":null,"weeklyDownloads":1488,"type":"locale","creator":{"name":"Mozilla","url":"https://addons.thunderbird.net/en-US/thunderbird/user/mozilla/"},"developers":[],"screenshots":[],"contributionURL":"","averageRating":2.2424,"reviewCount":33,"reviewURL":"https://addons.thunderbird.net/en-US/thunderbird/addon/tb-langpack-en-gb/reviews/","updateDate":1753903812000},{"id":"langpack-en-CA@thunderbird.mozilla.org","icons":{"32":"https://addons.thunderbird.net/static/img/addon-icons/default-32.png","64":"https://addons.thunderbird.net/static/img/addon-icons/default-64.png"},"name":"English (en-CA) Language Pack","version":"142.0.20250729.215730","sourceURI":"https://addons.thunderbird.net/thunderbird/downloads/file/1040480/english_en_ca_language_pack-142.0.20250729.215730-tb.xpi?src=","homepageURL":null,"supportURL":null,"description":"English (en-CA) Language Pack","fullDescription":null,"weeklyDownloads":0,"type":"locale","creator":{"name":"Mozilla","url":"https://addons.thunderbird.net/en-US/thunderbird/user/mozilla/"},"developers":[],"screenshots":[],"contributionURL":"","averageRating":3,"reviewCount":2,"reviewURL":"https://addons.thunderbird.net/en-US/thunderbird/addon/tb-langpack-en-ca/reviews/","updateDate":1753903815000}]}