{
	"/home/david/.thunderbird/t5q2a5hp.default-release/ImapMail/outlook.office365.com" : 
	{
		"aclFlags" : 0,
		"boxFlags" : 0,
		"expungedBytes" : 0,
		"flags" : 0,
		"folderSize" : -1,
		"hierDelim" : 94,
		"onlineName" : "",
		"pendingMsgs" : 0,
		"pendingUnreadMsgs" : 0,
		"serverRecent" : 0,
		"serverTotal" : 0,
		"serverUnseen" : 0,
		"totalMsgs" : -1,
		"totalUnreadMsgs" : -1
	},
	"/home/david/.thunderbird/t5q2a5hp.default-release/ImapMail/outlook.office365.com/&XAFbWA-.msf" : 
	{
		"aclFlags" : 0,
		"boxFlags" : 2097216,
		"expungedBytes" : 0,
		"flags" : 134750228,
		"folderSize" : -1,
		"hierDelim" : 47,
		"indexingPriority" : "",
		"onlineName" : "&XAFbWA-",
		"pendingMsgs" : 0,
		"pendingUnreadMsgs" : 0,
		"serverRecent" : 0,
		"serverTotal" : 0,
		"serverUnseen" : 0,
		"totalMsgs" : 0,
		"totalUnreadMsgs" : 0
	},
	"/home/david/.thunderbird/t5q2a5hp.default-release/ImapMail/outlook.office365.com/Archives.msf" : 
	{
		"aclFlags" : 0,
		"boxFlags" : 0,
		"expungedBytes" : 0,
		"flags" : 16384,
		"folderSize" : -1,
		"hierDelim" : 94,
		"onlineName" : "Archives",
		"pendingMsgs" : 0,
		"pendingUnreadMsgs" : 0,
		"serverRecent" : 0,
		"serverTotal" : 0,
		"serverUnseen" : 0,
		"totalMsgs" : 0,
		"totalUnreadMsgs" : 0
	},
	"/home/david/.thunderbird/t5q2a5hp.default-release/ImapMail/outlook.office365.com/Deleted.msf" : 
	{
		"aclFlags" : 0,
		"boxFlags" : 2162752,
		"expungedBytes" : 0,
		"flags" : 532756,
		"folderSize" : -1,
		"hierDelim" : 47,
		"indexingPriority" : "-1",
		"onlineName" : "Deleted",
		"pendingMsgs" : 0,
		"pendingUnreadMsgs" : 0,
		"serverRecent" : 0,
		"serverTotal" : 0,
		"serverUnseen" : 0,
		"totalMsgs" : 0,
		"totalUnreadMsgs" : 0
	},
	"/home/david/.thunderbird/t5q2a5hp.default-release/ImapMail/outlook.office365.com/Drafts-1.msf" : 
	{
		"aclFlags" : 0,
		"boxFlags" : 2099264,
		"expungedBytes" : 0,
		"flags" : 134751252,
		"folderSize" : -1,
		"hierDelim" : 47,
		"indexingPriority" : "",
		"onlineName" : "Drafts",
		"pendingMsgs" : 0,
		"pendingUnreadMsgs" : 0,
		"serverRecent" : 0,
		"serverTotal" : 0,
		"serverUnseen" : 0,
		"totalMsgs" : 0,
		"totalUnreadMsgs" : 0
	},
	"/home/david/.thunderbird/t5q2a5hp.default-release/ImapMail/outlook.office365.com/Drafts.msf" : 
	{
		"aclFlags" : 0,
		"boxFlags" : 0,
		"expungedBytes" : 0,
		"flags" : 1024,
		"folderSize" : -1,
		"hierDelim" : 94,
		"onlineName" : "Drafts",
		"pendingMsgs" : 0,
		"pendingUnreadMsgs" : 0,
		"serverRecent" : 0,
		"serverTotal" : 0,
		"serverUnseen" : 0,
		"totalMsgs" : 0,
		"totalUnreadMsgs" : 0
	},
	"/home/david/.thunderbird/t5q2a5hp.default-release/ImapMail/outlook.office365.com/INBOX.msf" : 
	{
		"MRUTime" : "1704361960",
		"aclFlags" : 0,
		"applyIncomingFilters" : "",
		"applyIncomingFilters.empty" : "",
		"boxFlags" : 2097217,
		"dobayes.mailnews@mozilla.org#junk" : "",
		"dobayes.mailnews@mozilla.org#junk.empty" : "",
		"expungedBytes" : 0,
		"flags" : 2282237972,
		"folderSize" : 1182049,
		"hierDelim" : 47,
		"indexingPriority" : "",
		"lastSyncTimeInSec" : 0,
		"nextUID" : 10,
		"onlineName" : "INBOX",
		"pendingMsgs" : 0,
		"pendingUnreadMsgs" : 0,
		"serverRecent" : 0,
		"serverTotal" : 1,
		"serverUnseen" : 0,
		"totalMsgs" : 1,
		"totalUnreadMsgs" : 0
	},
	"/home/david/.thunderbird/t5q2a5hp.default-release/ImapMail/outlook.office365.com/Junk.msf" : 
	{
		"aclFlags" : 0,
		"boxFlags" : 2101312,
		"expungedBytes" : 0,
		"flags" : 1074274324,
		"folderSize" : -1,
		"hierDelim" : 47,
		"indexingPriority" : "-1",
		"onlineName" : "Junk",
		"pendingMsgs" : 0,
		"pendingUnreadMsgs" : 0,
		"serverRecent" : 0,
		"serverTotal" : 0,
		"serverUnseen" : 0,
		"totalMsgs" : 0,
		"totalUnreadMsgs" : 0
	},
	"/home/david/.thunderbird/t5q2a5hp.default-release/ImapMail/outlook.office365.com/Notes.msf" : 
	{
		"aclFlags" : 0,
		"boxFlags" : 2097216,
		"expungedBytes" : 0,
		"flags" : 134750228,
		"folderSize" : -1,
		"hierDelim" : 47,
		"indexingPriority" : "",
		"onlineName" : "Notes",
		"pendingMsgs" : 0,
		"pendingUnreadMsgs" : 0,
		"serverRecent" : 0,
		"serverTotal" : 0,
		"serverUnseen" : 0,
		"totalMsgs" : 0,
		"totalUnreadMsgs" : 0
	},
	"/home/david/.thunderbird/t5q2a5hp.default-release/ImapMail/outlook.office365.com/Outbox.msf" : 
	{
		"aclFlags" : 0,
		"boxFlags" : 2097216,
		"expungedBytes" : 0,
		"flags" : 134750228,
		"folderSize" : -1,
		"hierDelim" : 47,
		"indexingPriority" : "",
		"onlineName" : "Outbox",
		"pendingMsgs" : 0,
		"pendingUnreadMsgs" : 0,
		"serverRecent" : 0,
		"serverTotal" : 0,
		"serverUnseen" : 0,
		"totalMsgs" : 0,
		"totalUnreadMsgs" : 0
	},
	"/home/david/.thunderbird/t5q2a5hp.default-release/ImapMail/outlook.office365.com/Sent-1.msf" : 
	{
		"aclFlags" : 0,
		"boxFlags" : 2105408,
		"expungedBytes" : 0,
		"flags" : 134750740,
		"folderSize" : -1,
		"hierDelim" : 47,
		"indexingPriority" : "",
		"onlineName" : "Sent",
		"pendingMsgs" : 0,
		"pendingUnreadMsgs" : 0,
		"serverRecent" : 0,
		"serverTotal" : 0,
		"serverUnseen" : 0,
		"totalMsgs" : 0,
		"totalUnreadMsgs" : 0
	},
	"/home/david/.thunderbird/t5q2a5hp.default-release/ImapMail/outlook.office365.com/Sent.msf" : 
	{
		"aclFlags" : 0,
		"boxFlags" : 0,
		"expungedBytes" : 0,
		"flags" : 512,
		"folderSize" : -1,
		"hierDelim" : 94,
		"onlineName" : "Sent",
		"pendingMsgs" : 0,
		"pendingUnreadMsgs" : 0,
		"serverRecent" : 0,
		"serverTotal" : 0,
		"serverUnseen" : 0,
		"totalMsgs" : 0,
		"totalUnreadMsgs" : 0
	},
	"/home/david/.thunderbird/t5q2a5hp.default-release/ImapMail/outlook.office365.com/Templates.msf" : 
	{
		"aclFlags" : 0,
		"boxFlags" : 0,
		"expungedBytes" : 0,
		"flags" : 4194304,
		"folderSize" : -1,
		"hierDelim" : 94,
		"onlineName" : "Templates",
		"pendingMsgs" : 0,
		"pendingUnreadMsgs" : 0,
		"serverRecent" : 0,
		"serverTotal" : 0,
		"serverUnseen" : 0,
		"totalMsgs" : 0,
		"totalUnreadMsgs" : 0
	},
	"/home/david/.thunderbird/t5q2a5hp.default-release/Mail/Local Folders" : 
	{
		"expungedBytes" : 0,
		"flags" : 28,
		"folderName" : "Local Folders",
		"folderSize" : -1,
		"pendingMsgs" : 0,
		"pendingUnreadMsgs" : 0,
		"totalMsgs" : -1,
		"totalUnreadMsgs" : -1
	},
	"/home/david/.thunderbird/t5q2a5hp.default-release/Mail/Local Folders/Trash.msf" : 
	{
		"expungedBytes" : 0,
		"flags" : 260,
		"folderName" : "Trash",
		"folderSize" : -1,
		"indexingPriority" : "",
		"pendingMsgs" : 0,
		"pendingUnreadMsgs" : 0,
		"totalMsgs" : 0,
		"totalUnreadMsgs" : 0
	},
	"/home/david/.thunderbird/t5q2a5hp.default-release/Mail/Local Folders/Unsent Messages.msf" : 
	{
		"expungedBytes" : 0,
		"flags" : 2052,
		"folderName" : "Outbox",
		"folderSize" : -1,
		"indexingPriority" : "",
		"pendingMsgs" : 0,
		"pendingUnreadMsgs" : 0,
		"totalMsgs" : 0,
		"totalUnreadMsgs" : 0
	},
	"/home/user/.thunderbird/t5q2a5hp.default-release/ImapMail/outlook.office365.com" : 
	{
		"aclFlags" : 0,
		"boxFlags" : 0,
		"expungedBytes" : 0,
		"flags" : 0,
		"folderSize" : -1,
		"hierDelim" : 47,
		"lastSyncTimeInSec" : 0,
		"onlineName" : "",
		"pendingMsgs" : 0,
		"pendingUnreadMsgs" : 0,
		"serverRecent" : 0,
		"serverTotal" : 0,
		"serverUnseen" : 0,
		"totalMsgs" : -1,
		"totalUnreadMsgs" : -1
	},
	"/home/user/.thunderbird/t5q2a5hp.default-release/ImapMail/outlook.office365.com/&XAFbWA-.msf" : 
	{
		"MRUTime" : "1706538082",
		"aclFlags" : 0,
		"applyIncomingFilters" : "",
		"applyIncomingFilters.empty" : "",
		"boxFlags" : 2097216,
		"dobayes.mailnews@mozilla.org#junk" : "",
		"dobayes.mailnews@mozilla.org#junk.empty" : "",
		"expungedBytes" : 0,
		"flags" : 134750228,
		"folderSize" : 0,
		"hierDelim" : 47,
		"lastSyncTimeInSec" : 1706538044,
		"nextUID" : 1,
		"onlineName" : "&XAFbWA-",
		"pendingMsgs" : 0,
		"pendingUnreadMsgs" : 0,
		"serverRecent" : 0,
		"serverTotal" : 0,
		"serverUnseen" : 0,
		"totalMsgs" : 0,
		"totalUnreadMsgs" : 0,
		"useServerRetention" : "1"
	},
	"/home/user/.thunderbird/t5q2a5hp.default-release/ImapMail/outlook.office365.com/Archives.msf" : 
	{
		"aclFlags" : 0,
		"boxFlags" : 0,
		"expungedBytes" : 0,
		"flags" : 16384,
		"folderSize" : -1,
		"hierDelim" : 94,
		"onlineName" : "Archives",
		"pendingMsgs" : 0,
		"pendingUnreadMsgs" : 0,
		"serverRecent" : 0,
		"serverTotal" : 0,
		"serverUnseen" : 0,
		"totalMsgs" : 0,
		"totalUnreadMsgs" : 0
	},
	"/home/user/.thunderbird/t5q2a5hp.default-release/ImapMail/outlook.office365.com/Deleted.msf" : 
	{
		"MRUTime" : "1706538155",
		"aclFlags" : 0,
		"applyIncomingFilters" : "",
		"applyIncomingFilters.empty" : "",
		"boxFlags" : 1114177,
		"dobayes.mailnews@mozilla.org#junk" : "",
		"dobayes.mailnews@mozilla.org#junk.empty" : "",
		"expungedBytes" : 0,
		"flags" : 532756,
		"folderSize" : 0,
		"hierDelim" : 47,
		"lastSyncTimeInSec" : 0,
		"nextUID" : 10,
		"onlineName" : "Deleted",
		"pendingMsgs" : 0,
		"pendingUnreadMsgs" : 0,
		"serverRecent" : 0,
		"serverTotal" : 0,
		"serverUnseen" : 0,
		"totalMsgs" : 0,
		"totalUnreadMsgs" : 0,
		"useServerRetention" : "1"
	},
	"/home/user/.thunderbird/t5q2a5hp.default-release/ImapMail/outlook.office365.com/Deleted.sbd/POP.msf" : 
	{
		"MRUTime" : "1706538102",
		"aclFlags" : 0,
		"applyIncomingFilters" : "",
		"applyIncomingFilters.empty" : "",
		"boxFlags" : 2097216,
		"dobayes.mailnews@mozilla.org#junk" : "",
		"dobayes.mailnews@mozilla.org#junk.empty" : "",
		"expungedBytes" : 0,
		"flags" : 134750228,
		"folderSize" : 0,
		"hierDelim" : 47,
		"indexingPriority" : "",
		"lastSyncTimeInSec" : 1706538045,
		"nextUID" : 1,
		"onlineName" : "Deleted/POP",
		"pendingMsgs" : 0,
		"pendingUnreadMsgs" : 0,
		"serverRecent" : 0,
		"serverTotal" : 0,
		"serverUnseen" : 0,
		"totalMsgs" : 0,
		"totalUnreadMsgs" : 0,
		"useServerRetention" : "1"
	},
	"/home/user/.thunderbird/t5q2a5hp.default-release/ImapMail/outlook.office365.com/Drafts.msf" : 
	{
		"MRUTime" : "1706538167",
		"aclFlags" : 0,
		"applyIncomingFilters" : "",
		"applyIncomingFilters.empty" : "",
		"boxFlags" : 2099264,
		"dobayes.mailnews@mozilla.org#junk" : "",
		"dobayes.mailnews@mozilla.org#junk.empty" : "",
		"expungedBytes" : 0,
		"flags" : 533508,
		"folderSize" : 2161879,
		"hierDelim" : 47,
		"lastSyncTimeInSec" : 0,
		"nextUID" : 10,
		"onlineName" : "Drafts",
		"pendingMsgs" : 0,
		"pendingUnreadMsgs" : 0,
		"serverRecent" : 0,
		"serverTotal" : 7,
		"serverUnseen" : 0,
		"totalMsgs" : 7,
		"totalUnreadMsgs" : 0,
		"useServerRetention" : "1"
	},
	"/home/user/.thunderbird/t5q2a5hp.default-release/ImapMail/outlook.office365.com/INBOX.msf" : 
	{
		"MRMTime" : "1706538122",
		"MRUTime" : "1751620595",
		"aclFlags" : 0,
		"applyIncomingFilters" : "",
		"applyIncomingFilters.empty" : "",
		"boxFlags" : 2097217,
		"dobayes.mailnews@mozilla.org#junk" : "",
		"dobayes.mailnews@mozilla.org#junk.empty" : "",
		"expungedBytes" : 1433197,
		"flags" : 2282237972,
		"folderSize" : 1197369,
		"hierDelim" : 47,
		"lastSyncTimeInSec" : 1706538045,
		"nextUID" : 71,
		"onlineName" : "INBOX",
		"pendingMsgs" : 0,
		"pendingUnreadMsgs" : 0,
		"serverRecent" : 0,
		"serverTotal" : 2,
		"serverUnseen" : 0,
		"totalMsgs" : 2,
		"totalUnreadMsgs" : 0,
		"useServerRetention" : "1"
	},
	"/home/user/.thunderbird/t5q2a5hp.default-release/ImapMail/outlook.office365.com/Junk.msf" : 
	{
		"MRUTime" : "1706538069",
		"aclFlags" : 0,
		"applyIncomingFilters" : "",
		"applyIncomingFilters.empty" : "",
		"boxFlags" : 2101312,
		"dobayes.mailnews@mozilla.org#junk" : "",
		"dobayes.mailnews@mozilla.org#junk.empty" : "",
		"expungedBytes" : 0,
		"flags" : 1074274324,
		"folderSize" : 0,
		"hierDelim" : 47,
		"lastSyncTimeInSec" : 0,
		"nextUID" : 4,
		"onlineName" : "Junk",
		"pendingMsgs" : 0,
		"pendingUnreadMsgs" : 0,
		"serverRecent" : 0,
		"serverTotal" : 0,
		"serverUnseen" : 0,
		"totalMsgs" : 0,
		"totalUnreadMsgs" : 0,
		"useServerRetention" : "1"
	},
	"/home/user/.thunderbird/t5q2a5hp.default-release/ImapMail/outlook.office365.com/Notes.msf" : 
	{
		"MRUTime" : "1706538078",
		"aclFlags" : 0,
		"applyIncomingFilters" : "",
		"applyIncomingFilters.empty" : "",
		"boxFlags" : 2097216,
		"dobayes.mailnews@mozilla.org#junk" : "",
		"dobayes.mailnews@mozilla.org#junk.empty" : "",
		"expungedBytes" : 0,
		"flags" : 134750228,
		"folderSize" : 0,
		"hierDelim" : 47,
		"lastSyncTimeInSec" : 1706538044,
		"nextUID" : 1,
		"onlineName" : "Notes",
		"pendingMsgs" : 0,
		"pendingUnreadMsgs" : 0,
		"serverRecent" : 0,
		"serverTotal" : 0,
		"serverUnseen" : 0,
		"totalMsgs" : 0,
		"totalUnreadMsgs" : 0,
		"useServerRetention" : "1"
	},
	"/home/user/.thunderbird/t5q2a5hp.default-release/ImapMail/outlook.office365.com/Outbox.msf" : 
	{
		"MRUTime" : "1706538080",
		"aclFlags" : 0,
		"applyIncomingFilters" : "",
		"applyIncomingFilters.empty" : "",
		"boxFlags" : 2097216,
		"dobayes.mailnews@mozilla.org#junk" : "",
		"dobayes.mailnews@mozilla.org#junk.empty" : "",
		"expungedBytes" : 0,
		"flags" : 134750228,
		"folderSize" : 0,
		"hierDelim" : 47,
		"lastSyncTimeInSec" : 1706538045,
		"nextUID" : 3,
		"onlineName" : "Outbox",
		"pendingMsgs" : 0,
		"pendingUnreadMsgs" : 0,
		"serverRecent" : 0,
		"serverTotal" : 0,
		"serverUnseen" : 0,
		"totalMsgs" : 0,
		"totalUnreadMsgs" : 0,
		"useServerRetention" : "1"
	},
	"/home/user/.thunderbird/t5q2a5hp.default-release/ImapMail/outlook.office365.com/Sent.msf" : 
	{
		"MRUTime" : "1706538073",
		"aclFlags" : 0,
		"applyIncomingFilters" : "",
		"applyIncomingFilters.empty" : "",
		"boxFlags" : 2105408,
		"dobayes.mailnews@mozilla.org#junk" : "",
		"dobayes.mailnews@mozilla.org#junk.empty" : "",
		"expungedBytes" : 0,
		"flags" : 532996,
		"folderSize" : 2126,
		"hierDelim" : 47,
		"lastSyncTimeInSec" : 0,
		"nextUID" : 6,
		"onlineName" : "Sent",
		"pendingMsgs" : 0,
		"pendingUnreadMsgs" : 0,
		"serverRecent" : 0,
		"serverTotal" : 2,
		"serverUnseen" : 0,
		"totalMsgs" : 2,
		"totalUnreadMsgs" : 0,
		"useServerRetention" : "1"
	},
	"/home/user/.thunderbird/t5q2a5hp.default-release/ImapMail/outlook.office365.com/Templates.msf" : 
	{
		"aclFlags" : 0,
		"boxFlags" : 0,
		"expungedBytes" : 0,
		"flags" : 4194304,
		"folderSize" : -1,
		"hierDelim" : 94,
		"onlineName" : "Templates",
		"pendingMsgs" : 0,
		"pendingUnreadMsgs" : 0,
		"serverRecent" : 0,
		"serverTotal" : 0,
		"serverUnseen" : 0,
		"totalMsgs" : 0,
		"totalUnreadMsgs" : 0
	},
	"/home/user/.thunderbird/t5q2a5hp.default-release/Mail/Local Folders" : 
	{
		"expungedBytes" : 0,
		"flags" : 28,
		"folderName" : "",
		"folderSize" : -1,
		"pendingMsgs" : 0,
		"pendingUnreadMsgs" : 0,
		"totalMsgs" : -1,
		"totalUnreadMsgs" : -1
	},
	"/home/user/.thunderbird/t5q2a5hp.default-release/Mail/Local Folders/Bills.msf" : 
	{
		"MRUTime" : "1706538051",
		"expungedBytes" : 0,
		"flags" : 4,
		"folderName" : "Bills",
		"folderSize" : 153445,
		"indexingPriority" : "",
		"pendingMsgs" : 0,
		"pendingUnreadMsgs" : 0,
		"totalMsgs" : 2,
		"totalUnreadMsgs" : 0,
		"useServerRetention" : "1"
	},
	"/home/user/.thunderbird/t5q2a5hp.default-release/Mail/Local Folders/Trash.msf" : 
	{
		"MRUTime" : "1705065151",
		"expungedBytes" : 0,
		"flags" : 260,
		"folderName" : "Trash",
		"folderSize" : 0,
		"pendingMsgs" : 0,
		"pendingUnreadMsgs" : 0,
		"totalMsgs" : 0,
		"totalUnreadMsgs" : 0,
		"useServerRetention" : "1"
	},
	"/home/user/.thunderbird/t5q2a5hp.default-release/Mail/Local Folders/Unsent Messages.msf" : 
	{
		"MRUTime" : "1705065154",
		"expungedBytes" : 0,
		"flags" : 2052,
		"folderName" : "Outbox",
		"folderSize" : 0,
		"pendingMsgs" : 0,
		"pendingUnreadMsgs" : 0,
		"totalMsgs" : 0,
		"totalUnreadMsgs" : 0,
		"useServerRetention" : "1"
	},
	"/home/user/.thunderbird/t5q2a5hp.default-release/Mail/outlook.office365.com" : 
	{
		"expungedBytes" : 0,
		"flags" : 28,
		"folderName" : "ladams.uni@outlook.com",
		"folderSize" : -1,
		"pendingMsgs" : 0,
		"pendingUnreadMsgs" : 0,
		"totalMsgs" : -1,
		"totalUnreadMsgs" : -1
	},
	"/home/user/.thunderbird/t5q2a5hp.default-release/Mail/outlook.office365.com/Inbox.msf" : 
	{
		"MRUTime" : "1754200627",
		"dobayes.mailnews@mozilla.org#junk" : "",
		"dobayes.mailnews@mozilla.org#junk.empty" : "",
		"expungedBytes" : 0,
		"flags" : 4100,
		"folderName" : "Inbox",
		"folderSize" : 189241,
		"indexingPriority" : "",
		"pendingMsgs" : 0,
		"pendingUnreadMsgs" : 0,
		"totalMsgs" : 2,
		"totalUnreadMsgs" : 0,
		"useServerRetention" : "1"
	},
	"/home/user/.thunderbird/t5q2a5hp.default-release/Mail/outlook.office365.com/Trash.msf" : 
	{
		"expungedBytes" : 0,
		"flags" : 260,
		"folderName" : "Trash",
		"folderSize" : -1,
		"indexingPriority" : "",
		"pendingMsgs" : 0,
		"pendingUnreadMsgs" : 0,
		"totalMsgs" : 0,
		"totalUnreadMsgs" : 0
	}
}