{"chrome://messenger/content/messenger.xhtml":{"toolbar-menubar":{"autohide":"true"},"task-tree-filtergroup":{"value":"throughcurrent"},"unifinder-search-results-tree-col-title":{"ordinal":"1"},"unifinder-search-results-tree-col-startdate":{"ordinal":"3"},"unifinder-search-results-tree-col-enddate":{"ordinal":"5"},"unifinder-search-results-tree-col-categories":{"ordinal":"7"},"unifinder-search-results-tree-col-location":{"ordinal":"9"},"unifinder-search-results-tree-col-status":{"ordinal":"11"},"unifinder-search-results-tree-col-calendarname":{"ordinal":"13"},"messengerWindow":{"sizemode":"maximized","screenX":"44","screenY":"4","width":"1129","height":"1275"},"today-pane-splitter":{"hidden":"true"},"today-none-box":{"collapsed":"true"},"today-minimonth-box":{"collapsed":"true"},"todo-tab-panel":{"collapsed":"true"},"agenda-panel":{"collapsed":"-moz-missing\n","collapsedinmodes":"calendar"},"mini-day-box":{"collapsed":"-moz-missing\n"},"folderTree":{"mode":"all"},"quickFilterBar":{"collapsed":"true"},"messagepaneboxwrapper":{"collapsed":"false","width":"877"},"spacesToolbar":{"hidden":"false"},"calendar-task-tree":{"widths":"21 21 21 21 21 21 21 21 21 21 21 21","ordinals":"1 3 5 7 9 11 13 15 17 19 21 23"},"unifinder-todo-tree":{"widths":"0 0 0 0 0 0 0 0 0 0 0 0","ordinals":"1 1 1 1 1 1 1 1 1 1 1 1"},"threadPane":{"view":"cards"}},"chrome://messenger/content/messengercompose/messengercompose.xhtml":{"msgcomposeWindow":{"screenX":"167","screenY":"123","width":"860","height":"800","sizemode":"normal"}},"about:preferences":{"paneDeck":{"lastSelected":"paneGeneral"}},"chrome://mozapps/content/downloads/unknownContentType.xhtml":{"unknownContentTypeWindow":{"screenX":"675","screenY":"367"}}}